Moscow Maps 123	4788267	4788268	4788269	4788270	4788271	4788272	4788273	4788274	4788275	4788276	111
Lian	numberofsteps	48059	281	508	361	1802	4542	672402	232702	6537	99	96729.3
Lian	memory	55926	916	946	586	2415	4413	738317	279939	9444	531	109343.3
Lian	pathlength	577.08887	523.80298	491.34964	540.93488	569.17108	520.02209	667.54871	498.2298	564.30048	479.94238	543.239091
Lian	max_angle	24.8515892	24.4866848	24.4866848	24.8515892	24.8515892	24.4866848	24.8515892	24.4866848	24.8515892	24.8515892	24.70562744
Lian	dliantime	0.457002	0.005	0.005	0.005	0.01	0.03	79.825112	18.732027	0.035	0	9.9104141
Lian	sumtime	0.907003	0	0.005	0	0.015	0.015	160.030224	37.687054	0.03	0	19.8689281
01
		4768467	4768468	4768469	4768470	4768471	4768472	4768473	4768474	4768475	4768476
Lian	numberofsteps	1369	4055	8729	7489	1335	7144	11473	2034	16563	72667	13285.8
Lian	memory	1718	4570	9290	7562	1780	7127	11453	3059	20646	66096	13330.1
Lian	pathlength	502.99844	551.20123	473.84119	572.19763	515.44202	557.84882	540.1897	549.97449	573.27588	659.70856	549.667796
Lian	max_angle	24.8515892	28.00917816	24.8515892	24.8515892	24.8515892	24.8515892	24.8515892	24.4866848	24.8515892	24.8515892	25.13085766
Lian	dliantime	0.005	0.02	0.06	0.055	0.01	0.055	0.08	0.015	0.11	0.695001	0.1105001
Lian	sumtime	0.01	0.025	0.035	0.03	0.01	0.035	0.04	0.015	0.1	0.580001	0.0880001
02
		4768667	4768668	4768669	4768670	4768671	4768672	4768673	4768674	4768675	4768676
Lian	numberofsteps	251	5120	166	101	1957	2849	9531	1765	292	512	2254.4
Lian	memory	744	5953	595	382	2348	3082	9902	2231	498	811	2654.6
Lian	pathlength	517.33466	586.66888	459.68326	461.23135	561.01068	547.74042	528.67316	536.94061	516.9325	449.42606	516.564158
Lian	max_angle	22.40983391	24.8515892	24.4866848	24.4866848	24.8515892	24.8515892	24.8515892	24.8515892	24.8515892	23.3440094	24.38367481
Lian	dliantime	0.005	0.035	0	0	0.015	0.02	0.07	0.015	0.005	0	0.0165
Lian	sumtime	0.005	0.02	0	0.005	0.005	0.005	0.04	0.005	0	0	0.0085
03
		4768867	4768868	4768869	4768870	4768871	4768872	4768873	4768874	4768875	4768876
Lian	numberofsteps	138	95	TL	1296	11917	111	1934	TL	90	9380	3550
Lian	memory	430	550	TL	1853	15442	112	2028	TL	562	9101	4280.857143
Lian	pathlength	477.00018	477.98746	TL	516.82715	453.67984	PNF	505.42972	TL	425.21674	447.27307	471.9163086
Lian	max_angle	24.8515892	16.69924736	TL	24.8515892	24.8515892	0	24.4866848	TL	21.80140686	24.4866848	23.1469702
Lian	dliantime	0	0.005	TL	0.01	0.082001	0	0.01	TL	0	0.1	0.029571571
Lian	sumtime	0	0.005	TL	0.01	0.072	0	0.01	TL	0.005	0.05	0.021714286
04
		4769067	4769068	4769069	4769070	4769071	4769072	4769073	4769074	4769075	4769076
Lian	numberofsteps	8540	13855	12036	104	2889	1301	39412	91	135	311	7867.4
Lian	memory	8904	13276	10346	386	4334	1747	33863	510	396	532	7429.4
Lian	pathlength	545.49042	530.117	569.51025	451.12326	468.89908	473.40213	593.74139	431.67035	441.50168	470.47894	497.59345
Lian	max_angle	23.19859123	24.8515892	24.8515892	22.40983391	24.8515892	24.4866848	24.8515892	24.4866848	23.96249008	24.8515892	24.28022308
Lian	dliantime	0.06	0.115	0.095	0	0.015	0.01	0.332003	0	0	0.005	0.0632003
Lian	sumtime	0.03	0.04	0.045	0.005	0.01	0	0.237003	0	0.005	0	0.0372003
05
		4769267	4769268	4769269	4769270	4769271	4769272	4769273	4769274	4769275	4769276
Lian	numberofsteps	99	157	1512	256	94	1242	346	90	161	2772	672.9
Lian	memory	488	410	1775	556	448	1705	875	467	562	3499	1078.5
Lian	pathlength	493.22565	443.15756	530.78735	445.82333	451.51715	517.07043	469.66473	435.4202	476.12708	576.93872	483.97322
Lian	max_angle	23.96249008	23.96249008	24.8515892	24.8515892	22.40983391	24.4866848	23.96249008	22.40983391	24.8515892	24.8515892	24.06001797
Lian	dliantime	0	0	0.01	0	0.005	0.005	0.005	0.005	0.005	0.02	0.0055
Lian	sumtime	0	0	0.005	0	0	0.005	0	0	0	0.015	0.0025
06
		4769467	4769468	4769469	4769470	4769471	4769472	4769473	4769474	4769475	4769476
Lian	numberofsteps	88	1536	TL	89	566	95	98	156	TL	103	341.375
Lian	memory	481	1995	TL	523	833	458	533	544	TL	429	724.5
Lian	pathlength	436.74811	527.16241	TL	446.38669	469.14502	437.50595	444.28061	478.32492	TL	455.03757	461.82391
Lian	max_angle	5.71057272	24.8515892	TL	5.71057272	24.8515892	23.3440094	23.96249008	23.3440094	TL	22.40983391	19.27308333
Lian	dliantime	0.005	0.005	TL	0	0.005	0.004	0.005	0	TL	0	0.003
Lian	sumtime	0	0.005	TL	0	0	0.001	0	0	TL	0	0.00075
07
		4769667	4769668	4769669	4769670	4769671	4769672	4769673	4769674	4769675	4769676
Lian	numberofsteps	1005	149	444	192	20406	221770	TL	93	9944	16499	30055.77778
Lian	memory	1278	402	848	588	18791	160160	TL	501	10926	14121	23068.33333
Lian	pathlength	435.00269	464.90042	438.09805	458.50134	516.75775	664.35754	TL	472.90433	496.56265	513.06763	495.5724889
Lian	max_angle	24.4866848	24.4866848	23.10633087	24.8515892	72.77656555	24.8515892	TL	24.4866848	24.8515892	24.8515892	29.86103418
Lian	dliantime	0.005	0	0	0	0.115	2.260003	TL	0	0.055	0.1	0.281667
Lian	sumtime	0.005	0.005	0	0	0.045	0.880001	TL	0	0.055	0.07	0.117777889
08
		4769867	4769868	4769869	4769870	4769871	4769872	4769873	4769874	4769875	4769876
Lian	numberofsteps	TL	2734	4184	203	192	4047	TL	206	2816	24208	4823.75
Lian	memory	TL	2643	5419	482	659	3284	TL	649	4181	16527	4230.5
Lian	pathlength	TL	507.04633	520.66345	449.50043	468.96542	497.49551	TL	511.29657	443.70255	489.51157	486.0227288
Lian	max_angle	TL	24.4866848	24.8515892	24.4866848	24.8515892	24.4866848	TL	24.4866848	22.40983391	24.8515892	24.36391759
Lian	dliantime	TL	0.02	0.03	0	0	0.025	TL	0.005	0.025	0.217003	0.040250375
Lian	sumtime	TL	0.015	0.02	0	0.005	0.01	TL	0	0.015	0.085	0.01875
09
		4770067	4770068	4770069	4770070	4770071	4770072	4770073	4770074	4770075	4770076
Lian	numberofsteps	218	6471	3620	2045	2783	4970	126	775	1507	17214	3972.9
Lian	memory	606	6964	5029	2278	2473	5501	518	1062	1837	15443	4171.1
Lian	pathlength	497.88788	513.86566	607.85303	494.59537	579.26434	523.41064	428.4216	510.35175	497.90536	533.55554	518.711117
Lian	max_angle	24.8515892	24.8515892	24.8515892	24.8515892	24.8515892	24.8515892	24.4866848	24.8515892	24.8515892	24.8515892	24.81509876
Lian	dliantime	0.005	0.04	0.02	0.015	0.015	0.04	0.005	0	0.01	0.145	0.0295
Lian	sumtime	0	0.015	0.02	0	0.01	0.02	0	0	0.01	0.065	0.014
10
		4770267	4770268	4770269	4770270	4770271	4770272	4770273	4770274	4770275	4770276
Lian	numberofsteps	92	365	14958	106	32080	24061	20528	271	131	2121	9471.3
Lian	memory	408	1105	14857	434	32207	20195	22586	557	485	2956	9579
Lian	pathlength	461.72003	445.72464	464.62344	465.69504	623.46228	536.05707	694.95386	497.24152	506.99103	512.17188	520.864079
Lian	max_angle	23.96249008	24.8515892	24.4866848	22.3801403	24.8515892	24.8515892	24.4866848	24.8515892	24.4866848	24.4866848	24.36957264
Lian	dliantime	0.005	0.005	0.155	0	0.25	0.265	0.12	0.005	0.005	0.005	0.0815
Lian	sumtime	0	0	0.07	0	0.075	0.16	0.24	0.005	0.005	0.005	0.056
11
		4770467	4770468	4770469	4770470	4770471	4770472	4770473	4770474	4770475	4770476
Lian	numberofsteps	2283	2506	419	179	107	292	3204	648	308496	12222	33035.6
Lian	memory	2112	3651	1000	416	622	649	3403	936	353228	10546	37656.3
Lian	pathlength	519.41071	468.98517	478.34381	519.61426	424.31662	504.5824	525.40717	534.74921	549.6366	602.60248	512.764843
Lian	max_angle	24.8515892	24.8515892	24.4866848	24.4866848	22.40983391	23.96249008	24.8515892	24.8515892	24.8515892	24.4866848	24.40903244
Lian	dliantime	0.015	0.01	0.005	0	0.005	0	0.015	0.005	13.415019	0.095	1.3565019
Lian	sumtime	0.005	0.01	0.01	0.005	0	0.005	0.01	0.01	26.480037	0.05	2.6585037
12
		4770674	4770675	4770676	4770677	4770678	4770679	4770680	4770681	4770682	4770683
Lian	numberofsteps	545	886	432388	3488	2419	4391	39766	4615	1057	11098	50065.3
Lian	memory	862	1159	343399	4272	2671	6849	46197	6092	1349	9664	42251.4
Lian	pathlength	546.82318	496.5907	564.19025	571.362	534.58862	474.10507	456.07932	644.98993	477.00073	497.96201	526.369181
Lian	max_angle	24.8515892	24.8515892	24.8515892	24.8515892	24.8515892	24.4866848	24.8515892	24.8515892	22.61986542	24.8515892	24.59192638
Lian	dliantime	0.005	0.005	24.382035	0.015	0.015	0.059001	0.390001	0.03	0.005	0.08	2.4986037
Lian	sumtime	0	0	10.532016	0.015	0.01	0.033	0.765001	0.02	0.005	0.035	1.1415017
13
		4770867	4770868	4770869	4770870	4770871	4770872	4770873	4770874	4770875	4770876
Lian	numberofsteps	278	1026	338	TL	750	102	415	87	TL	793	473.625
Lian	memory	648	2522	678	TL	1352	442	814	488	TL	1391	1041.875
Lian	pathlength	461.9017	494.47195	555.46295	TL	491.86877	434.28754	504.59058	418.72339	TL	495.75574	482.1328275
Lian	max_angle	22.40983391	24.8515892	24.8515892	TL	24.8515892	22.24902534	24.4866848	23.3440094	TL	24.8515892	23.98698878
Lian	dliantime	0	0.01	0.005	TL	0.005	0.005	0	0	TL	0.005	0.00375
Lian	sumtime	0.005	0.005	0	TL	0	0.005	0	0	TL	0.015	0.00375
14
		4771067	4771068	4771069	4771070	4771071	4771072	4771073	4771074	4771075	4771076
Lian	numberofsteps	3895	2734	889	TL	486	2385	TL	1846	234	122	1573.875
Lian	memory	3260	2728	970	TL	861	3413	TL	2462	549	473	1839.5
Lian	pathlength	479.69183	491.03131	508.82184	TL	507.62079	531.61224	TL	473.93103	449.0625	448.01392	486.2231825
Lian	max_angle	23.3440094	24.8515892	24.4866848	TL	24.8515892	24.8515892	TL	24.8515892	22.3801403	24.4866848	24.26298451
Lian	dliantime	0.035	0.01	0.005	TL	0.005	0.015	TL	0.01	0.005	0.005	0.01125
Lian	sumtime	0.005	0.005	0.01	TL	0	0.01	TL	0.005	0.005	0	0.005
15
		4771267	4771268	4771269	4771270	4771271	4771272	4771273	4771274	4771275	4771276
Lian	numberofsteps	2077	1974	4966	153	14623	464	503	213	6029	2331	3333.3
Lian	memory	3960	2432	4175	428	9948	1100	937	532	6621	3537	3367
Lian	pathlength	531.75323	527.32153	490.47144	483.86621	491.34824	528.88232	492.06976	473.76135	501.01996	475.68585	499.617989
Lian	max_angle	24.8515892	24.8515892	24.4866848	24.4866848	24.8515892	24.8515892	24.8515892	24.8515892	24.4866848	24.8515892	24.74211788
Lian	dliantime	0.01	0.015	0.03	0.005	0.08	0.005	0.005	0.005	0.025	0.015	0.0195
Lian	sumtime	0.01	0.01	0.01	0	0.04	0	0	0.004	0.06	0.01	0.0144
16
		4771467	4771468	4771469	4771470	4771471	4771472	4771473	4771474	4771475	4771476
Lian	numberofsteps	169	152	166	121	5561	1398	137697	TL	148333	2873	32941.11111
Lian	memory	523	500	558	517	4974	2880	115946	TL	108005	5235	26570.88889
Lian	pathlength	510.40195	485.88394	465.33096	478.97452	472.62845	470.07303	501.48505	TL	566.56586	522.08704	497.0478667
Lian	max_angle	24.8515892	24.4866848	24.8515892	24.4866848	24.8515892	22.61986542	24.4866848	TL	24.8515892	24.4866848	24.44144016
Lian	dliantime	0.005	0.005	0	0	0.04	0.015	2.085003	TL	2.707005	0.015	0.541334222
Lian	sumtime	0.005	0.005	0	0	0.03	0.005	0.615001	TL	1.190002	0.03	0.208889222
17
		4771667	4771668	4771669	4771670	4771671	4771672	4771673	4771674	4771675	4771676
Lian	numberofsteps	186	451	1334	440	17283	3598	267	2536	2789	5848	3473.2
Lian	memory	584	1253	2406	870	20971	3937	741	2614	3861	6565	4380.2
Lian	pathlength	509.29767	540.27985	486.79852	467.79797	531.35504	570.42126	530.05035	487.8381	495.06784	467.86478	508.677138
Lian	max_angle	24.4866848	23.96249008	24.8515892	24.4866848	24.4866848	24.8515892	24.4866848	24.8515892	24.8515892	24.8515892	24.61671753
Lian	dliantime	0.003	0	0.015	0.005	0.212002	0.02	0	0.015	0.015	0.05	0.0335002
Lian	sumtime	0.001	0.005	0.005	0	0.075	0.015	0.005	0.005	0.025	0.025	0.0161
18
		4771867	4771868	4771869	4771870	4771871	4771872	4771873	4771874	4771875	4771876
Lian	numberofsteps	119	621	362	30173	21410	252	2763	TL	28740	52449	13518.625
Lian	memory	378	1090	903	28085	24649	563	6095	TL	28741	47094	13607.125
Lian	pathlength	438.04892	529.23059	483.90347	473.2641	694.92981	535.83197	528.53668	TL	PNF	524.37085	526.0145488
Lian	max_angle	24.4866848	24.8515892	24.4866848	24.4866848	24.4866848	24.4866848	24.4866848	TL	0	24.8515892	24.5779109
Lian	dliantime	0	0.005	0.005	0.245	0.125	0.005	0.025	TL	0.17	0.660001	0.133750125
Lian	sumtime	0	0	0.005	0.440001	0.13	0.005	0.005	TL	0.228004	0.245	0.103750125
19
		4772067	4772068	4772069	4772070	4772071	4772072	4772073	4772074	4772075	4772076
Lian	numberofsteps	1706	2134	3573	348	14723	285	244	1515	62078	452	8705.8
Lian	memory	2300	3048	4344	772	11458	610	558	2170	56751	848	8285.9
Lian	pathlength	516.10114	525.32355	461.61539	516.73322	534.19238	467.96182	473.23492	569.0246	518.69122	520.427	510.330524
Lian	max_angle	24.4866848	24.4866848	24.8515892	23.96249008	24.8515892	24.4866848	21.80140686	24.8515892	24.8515892	24.8515892	24.34818974
Lian	dliantime	0.01	0.015	0.015	0.005	0.105	0.005	0.005	0.01	1.049005	0	0.1219005
Lian	sumtime	0.01	0.02	0.01	0.005	0.065	0.005	0	0.01	0.502003	0.015	0.0642003
20
		4772267	4772268	4772269	4772270	4772271	4772272	4772273	4772274	4772275	4772276
Lian	numberofsteps	404	1436	8972	62092	286	9130	2095	848	9228	174	9466.5
Lian	memory	821	1854	7369	51375	581	11797	2728	1327	7217	487	8555.6
Lian	pathlength	540.02734	517.2616	478.15817	546.33844	505.48523	540.72217	487.0271	540.20886	458.22385	467.34299	508.079575
Lian	max_angle	24.8515892	24.8515892	24.4866848	24.8515892	24.4866848	24.8515892	24.8515892	24.8515892	24.8515892	24.4866848	24.74211788
Lian	dliantime	0.005	0.005	0.05	0.980001	0.005	0.075	0.03	0.005	0.055	0.005	0.1215001
Lian	sumtime	0.005	0.005	0.025	0.485001	0	0.065	0.005	0.01	0.02	0.005	0.0625001
21
		4772467	4772468	4772469	4772470	4772471	4772472	4772473	4772474	4772475	4772476
Lian	numberofsteps	84	TL	105	130	32778	4534	164883	86	2038	756	22821.55556
Lian	memory	553	TL	481	590	30562	6385	124175	508	1383	1326	18440.33333
Lian	pathlength	414.14963	TL	469.05746	506.72943	570.49976	586.58795	570.87317	422.54715	498.73135	441.76517	497.8823411
Lian	max_angle	5.71057272	TL	22.40983391	23.96249008	24.8515892	24.8515892	24.8515892	17.02051926	24.8515892	24.8515892	21.48459578
Lian	dliantime	0.005	TL	0	0	0.24	0.03	3.495005	0.005	0.01	0.01	0.421667222
Lian	sumtime	0	TL	0	0	0.115	0.015	1.625002	0.005	0.015	0.005	0.197778
22
		4772667	4772668	4772669	4772670	4772671	4772672	4772673	4772674	4772675	4772676
Lian	numberofsteps	1821	1154	1664	1694	9691	11512	9530	591641	1301	98	63010.6
Lian	memory	2300	1457	1391	1808	8247	13649	10856	495601	2078	499	53788.6
Lian	pathlength	481.71786	525.31616	498.09653	540.85913	495.97067	496.74631	510.84006	609.29266	551.57269	457.97498	516.838705
Lian	max_angle	24.4866848	24.8515892	24.4866848	24.8515892	24.8515892	24.4866848	24.4866848	24.8515892	24.8515892	22.61986542	24.48245506
Lian	dliantime	0.015	0.005	0.01	0.01	0.06	0.06	0.105	51.175072	0.01	0.005	5.1455072
Lian	sumtime	0	0.005	0.01	0.005	0.03	0.095	0.05	19.310027	0	0	1.9505027
23
		4772867	4772868	4772869	4772870	4772871	4772872	4772873	4772874	4772875	4772876
Lian	numberofsteps	101	2215	807	172414	1316	36749	61982	3147	1841	13376	32649.66667
Lian	memory	102	2508	1120	148161	1234	34937	49459	6036	2945	13150	28838.88889
Lian	pathlength	PNF	633.70593	467.1658	526.74738	463.66553	549.33087	659.22498	559.06519	501.64319	575.27643	548.4250333
Lian	max_angle	0	24.8515892	24.8515892	24.8515892	22.61986542	24.8515892	24.8515892	24.8515892	22.40983391	24.8515892	24.33231375
Lian	dliantime	0	0.01	0.005	3.890006	0.01	0.485001	0.475001	0.025	0.01	0.11	0.557778667
Lian	sumtime	0	0.02	0	1.080002	0.005	0.2	0.295	0.045	0.015	0.07	0.192222444
24
		4773067	4773068	4773069	4773070	4773071	4773072	4773073	4773074	4773075	4773076
Lian	numberofsteps	17609	TL	41171	239109	106	27639	11952	501	233	3245	42682.375
Lian	memory	12717	TL	37216	202533	107	21818	10603	928	753	4772	36417.5
Lian	pathlength	460.10059	TL	600.19189	460.90164	PNF	500.27689	517.435	459.00482	481.76172	521.43469	500.138405
Lian	max_angle	24.4866848	TL	24.8515892	24.8515892	0	24.8515892	24.8515892	22.40983391	24.8515892	24.8515892	24.50075674
Lian	dliantime	0.11	TL	0.405001	6.752011	0	0.185	0.08	0.005	0	0.025	0.9452515
Lian	sumtime	0.055	TL	0.415001	2.872005	0	0.1	0.05	0.005	0.005	0.015	0.43962575
25
		4773267	4773268	4773269	4773270	4773271	4773272	4773273	4773274	4773275	4773276
Lian	numberofsteps	123	677	48	TL	158	8571	603740	14809	4287	491	79107
Lian	memory	463	1152	49	TL	376	8261	448146	16077	5145	704	60040.5
Lian	pathlength	457.6001	564.5965	PNF	TL	554.94757	446.71539	637.93787	503.28079	489.60187	529.56781	523.0309875
Lian	max_angle	22.40983391	24.8515892	0	TL	24.4866848	24.8515892	24.8515892	24.8515892	24.8515892	24.4866848	24.45514369
Lian	dliantime	0	0.005	0	TL	0	0.06	28.36504	0.12	0.045	0	3.57438
Lian	sumtime	0	0.01	0	TL	0.055	0.02	12.045017	0.065	0.03	0.005	1.528752125
26
		4773467	4773468	4773469	4773470	4773471	4773472	4773473	4773474	4773475	4773476
Lian	numberofsteps	4108	212	TL	131	23088	5170	3287	563	5694	39598	9094.555556
Lian	memory	5763	544	TL	612	18012	5617	5215	1007	7662	34079	8723.444444
Lian	pathlength	447.26703	495.06686	TL	464.09634	544.59491	592.09442	463.24969	544.65192	509.09683	430.82111	498.9932344
Lian	max_angle	24.8515892	24.4866848	TL	24.4866848	24.8515892	24.8515892	24.8515892	24.8515892	24.8515892	24.8515892	24.77049934
Lian	dliantime	0.03	0	TL	0	0.175	0.025	0.015	0.005	0.055	0.515001	0.091111222
Lian	sumtime	0.02	0	TL	0.005	0.257001	0.03	0.035	0	0.015	0.245	0.067444556
27
		4773667	4773668	4773669	4773670	4773671	4773672	4773673	4773674	4773675	4773676
Lian	numberofsteps	107	191	98314	262	TL	216	10097	422	38735	13183	17947.44444
Lian	memory	399	438	74456	657	TL	714	7648	785	35576	17493	15351.77778
Lian	pathlength	489.64349	459.09564	603.8161	526.09241	TL	491.45694	519.23206	557.87183	476.74777	650.71918	530.5194911
Lian	max_angle	24.4866848	24.8515892	24.8515892	24.8515892	TL	24.4866848	24.8515892	24.4866848	24.8515892	24.8515892	24.7299544
Lian	dliantime	0	0	1.350002	0.005	TL	0.005	0.06	0.005	0.455001	0.117001	0.221889333
Lian	sumtime	0	0.005	0.660001	0.005	TL	0	0.025	0	0.16	0.147001	0.111333556
28
		4773867	4773868	4773869	4773870	4773871	4773872	4773873	4773874	4773875	4773876
Lian	numberofsteps	10014	1540	529	1431	1296	14041	16075	70755	212	916	11680.9
Lian	memory	9839	1669	1109	1352	1419	14217	14931	67622	751	1010	11391.9
Lian	pathlength	540.58032	569.93945	449.21844	485.28589	504.45639	450.44424	477.96716	571.70703	504.87772	505.4028	505.987944
Lian	max_angle	24.8515892	24.8515892	24.8515892	24.8515892	24.4866848	24.4866848	24.8515892	24.8515892	24.4866848	24.4866848	24.70562744
Lian	dliantime	0.08	0.01	0	0.01	0.01	0.11	0.17	1.255002	0.005	0.01	0.1660002
Lian	sumtime	0.04	0	0.005	0.01	0	0.055	0.085	0.550001	0	0.01	0.0755001
29
		4774067	4774068	4774069	4774070	4774071	4774072	4774073	4774074	4774075	4774076
Lian	numberofsteps	84897	386	3092	2028	376	1640	1867	37702	179	750	13291.7
Lian	memory	68576	672	4440	2692	886	2325	1905	36722	628	1061	11990.7
Lian	pathlength	501.15112	479.8595	526.99817	443.90338	581.33899	557.1015	530.24207	504.4115	546.94855	516.86169	518.881647
Lian	max_angle	24.8515892	24.4866848	24.4866848	24.4866848	24.4866848	24.8515892	24.8515892	24.8515892	24.4866848	24.8515892	24.669137
Lian	dliantime	1.075001	0	0.03	0.015	0	0.01	0.01	0.430001	0	0.005	0.1575002
Lian	sumtime	0.485001	0.005	0.02	0.01	0	0.071001	0.01	0.315001	0	0	0.0916003
30
		4774267	4774268	4774269	4774270	4774271	4774272	4774273	4774274	4774275	4774276
Lian	numberofsteps	144	13352	98	254	14953	1338	3261	109237	4794	110	14754.1
Lian	memory	639	9452	435	802	19127	1726	4111	93669	5944	555	13646
Lian	pathlength	481.69614	486.68994	479.16803	507.01526	503.16043	467.73453	534.6756	506.70566	603.73633	445.21835	501.580027
Lian	max_angle	22.61986542	24.8515892	24.8515892	24.4866848	24.4866848	24.8515892	24.4866848	24.8515892	24.8515892	23.96249008	24.43003559
Lian	dliantime	0	0.065	0.005	0.005	0.105	0.01	0.01	2.305003	0.02	0.005	0.2530003
Lian	sumtime	0.005	0.035	0	0	0.134003	0.01	0.02	1.445002	0.02	0	0.1669005
31
		4774467	4774468	4774469	4774470	4774471	4774472	4774473	4774474	4774475	4774476
Lian	numberofsteps	203	58218	27413	2246	TL	1366	2332	127251	8167	87565	34973.44444
Lian	memory	485	53360	27412	2580	TL	1765	2375	95807	7219	79069	30008
Lian	pathlength	542.01593	621.9729	489.44769	597.5329	TL	511.61221	551.29327	501.13058	529.94849	558.05127	544.77836
Lian	max_angle	24.8515892	24.8515892	24.8515892	24.8515892	TL	24.8515892	24.8515892	22.61986542	24.8515892	24.8515892	24.60361989
Lian	dliantime	0.005	0.847002	0.295	0.015	TL	0.01	0.005	2.797006	0.055	1.105001	0.570445444
Lian	sumtime	0.005	0.637002	0.185	0.01	TL	0.01	0.005	1.107004	0.03	0.510001	0.277667444
32
		4774676	4774677	4774678	4774679	4774680	4774681	4774682	4774683	4774684	4774685
Lian	numberofsteps	355	89	4370	110	234	1399	46772	218	282102	1704	33735.3
Lian	memory	736	554	4704	519	680	1723	53894	543	216832	1744	28192.9
Lian	pathlength	497.47781	446.99744	455.76752	504.24451	558.92896	485.28912	713.62616	463.50906	574.14331	497.90234	519.788623
Lian	max_angle	24.8515892	5.71057272	24.4866848	24.4866848	24.4866848	24.4866848	24.8515892	24.8515892	24.8515892	24.4866848	22.75503535
Lian	dliantime	0.005	0	0.045	0.005	0	0.01	0.465001	0	5.020007	0.01	0.5560008
Lian	sumtime	0.005	0.005	0.025	0	0.005	0.005	0.565001	0	1.825003	0	0.2435004
33
		4774867	4774868	4774869	4774870	4774871	4774872	4774873	4774874	4774875	4774876
Lian	numberofsteps	758	620	164	145	375	93	217	10441	103	877	1379.3
Lian	memory	1134	1043	407	443	976	496	480	10009	604	1535	1712.7
Lian	pathlength	481.24457	574.73865	450.80997	509.22043	495.30692	468.11859	476.13245	508.68222	462.65259	493.08063	491.998702
Lian	max_angle	24.8515892	24.8515892	23.96249008	22.61986542	24.8515892	22.40983391	24.4866848	24.8515892	24.4866848	22.61986542	23.99917812
Lian	dliantime	0.005	0.005	0.005	0.005	0.005	0	0	0.045	0.005	0.005	0.008
Lian	sumtime	0	0	0	0.005	0	0	0	0.04	0	0.005	0.005
34
		4775067	4775068	4775069	4775070	4775071	4775072	4775073	4775074	4775075	4775076
Lian	numberofsteps	4182	114	5822	159	8983	45623	3838	349	90	145	6930.5
Lian	memory	3209	418	8298	407	7364	55020	8430	928	439	531	8504.4
Lian	pathlength	465.36963	508.3299	587.09619	483.73883	505.34827	663.92627	478.01263	483.76892	444.31674	460.20337	508.011075
Lian	max_angle	24.8515892	22.61986542	24.4866848	24.8515892	24.8515892	24.8515892	24.4866848	24.4866848	22.24902534	23.19859123	24.09338932
Lian	dliantime	0.02	0	0.035	0	0.06	0.25	0.03	0.005	0.005	0.005	0.041
Lian	sumtime	0.01	0	0.05	0	0.03	0.395001	0.03	0.005	0	0.005	0.0525001
35
		4775267	4775268	4775269	4775270	4775271	4775272	4775273	4775274	4775275	4775276
Lian	numberofsteps	230	37528	17368	572	137	107	281	4595	113572	7576	18196.6
Lian	memory	666	36110	23811	808	422	640	699	5075	95073	8352	17165.6
Lian	pathlength	556.19977	575.05707	493.76895	466.02908	453.84927	465.76602	447.12756	507.48734	506.03452	548.27759	501.959717
Lian	max_angle	24.8515892	24.8515892	24.8515892	24.8515892	20.85445213	24.4866848	24.8515892	24.8515892	24.8515892	24.8515892	24.41538506
Lian	dliantime	0.005	0.275	0.135	0.005	0	0	0.005	0.025	1.900003	0.055	0.2405003
Lian	sumtime	0	0.16	0.31	0.005	0	0.005	0	0.02	1.032003	0.03	0.1562003
36
		4775467	4775468	4775469	4775470	4775471	4775472	4775473	4775474	4775475	4775476
Lian	numberofsteps	3708	4136	263534	810	1549	992	97	127	64204	898	34005.5
Lian	memory	5864	6111	230735	1367	2325	2299	556	438	76925	1979	32859.9
Lian	pathlength	527.36322	568.53357	611.34796	442.67072	597.08832	536.55835	466.46198	469.41388	505.36191	586.71704	531.151695
Lian	max_angle	24.4866848	24.8515892	24.8515892	22.61986542	24.8515892	24.8515892	23.96249008	24.8515892	28.00917816	24.8515892	24.81877537
Lian	dliantime	0.02	0.025	9.685014	0.005	0.005	0.005	0.005	0	0.470001	0.005	1.0225015
Lian	sumtime	0.03	0.035	4.735007	0	0.01	0	0	0.005	0.915001	0.005	0.5735008
37
		4775667	4775668	4775669	4775670	4775671	4775672	4775673	4775674	4775675	4775676
Lian	numberofsteps	132	35310	110	2736	TL	140	93	774	118	TL	4926.625
Lian	memory	443	31587	474	3079	TL	510	468	1699	483	TL	4842.875
Lian	pathlength	432.60471	482.96063	468.0578	514.19592	TL	466.47119	463.49872	453.5022	516.00311	TL	474.661785
Lian	max_angle	23.3440094	24.4866848	24.4866848	24.4866848	TL	24.8515892	5.71057272	24.4866848	24.4866848	TL	22.04244941
Lian	dliantime	0	0.35	0.005	0.015	TL	0.005	0	0.005	0	TL	0.0475
Lian	sumtime	0	0.25	0	0.01	TL	0	0	0	0	TL	0.0325
38
		4775871	4775872	4775873	4775874	4775875	4775876	4775877	4775878	4775879	4775880
Lian	numberofsteps	645	1172	71309	TL	11723	6250	10461	486	8095	469	12290
Lian	memory	1155	2339	61841	TL	11177	6825	8586	1077	6914	841	11195
Lian	pathlength	518.23096	475.32675	551.32892	TL	504.79736	566.16583	525.66943	532.82617	573.01154	467.7778	523.9038622
Lian	max_angle	24.8515892	24.8515892	24.4866848	TL	24.8515892	24.8515892	24.4866848	24.8515892	24.8515892	24.8515892	24.77049934
Lian	dliantime	0.005	0.01	0.962003	TL	0.085	0.02	0.06	0.005	0.06	0.005	0.134667
Lian	sumtime	0	0.01	0.362002	TL	0.04	0.04	0.04	0.01	0.025	0.005	0.059111333
39
		4776067	4776068	4776069	4776070	4776071	4776072	4776073	4776074	4776075	4776076
Lian	numberofsteps	66480	4021	696	2178	TL	15325	50	4782	284	560	11790.75
Lian	memory	60218	5534	1056	2111	TL	13693	51	6967	716	1150	11430.625
Lian	pathlength	514.35498	543.83527	478.88272	479.51401	TL	548.13434	PNF	489.64871	499.47897	548.44293	512.7864913
Lian	max_angle	24.4866848	24.8515892	24.8515892	23.96249008	TL	22.61986542	0	24.8515892	24.8515892	24.4866848	24.37026024
Lian	dliantime	1.622003	0.02	0.005	0.01	TL	0.16	0	0.04	0.005	0.005	0.233375375
Lian	sumtime	0.565001	0.02	0	0	TL	0.08	0	0.025	0	0	0.086250125
40
		4776267	4776268	4776269	4776270	4776271	4776272	4776273	4776274	4776275	4776276
Lian	numberofsteps	2226	717	193	1300	13197	117	8543	469	6846	58174	9178.2
Lian	memory	3819	901	594	2055	15228	349	9364	1079	9461	61096	10394.6
Lian	pathlength	575.3866	506.33206	521.8927	559.19135	567.78766	474.3255	598.81763	593.90936	564.55566	513.88861	547.608713
Lian	max_angle	24.8515892	24.8515892	24.4866848	24.4866848	24.8515892	23.96249008	24.8515892	24.8515892	24.8515892	24.4866848	24.65320797
Lian	dliantime	0.01	0.005	0.005	0.005	0.075	0	0.045	0.005	0.05	0.840001	0.1040001
Lian	sumtime	0	0.01	0	0.005	0.035	0	0.02	0	0.05	0.500001	0.0620001
41
		4776468	4776469	4776470	4776471	4776472	4776473	4776474	4776475	4776476	4776477
Lian	numberofsteps	212	586	90	TL	864	253	119	94	121	4791	792.2222222
Lian	memory	645	1126	478	TL	1308	525	548	599	529	4218	1108.444444
Lian	pathlength	514.33606	532.33789	434.33405	TL	470.77588	515.6795	462.37427	457.73288	444.24536	517.77032	483.2873567
Lian	max_angle	24.4866848	24.8515892	22.40983391	TL	24.0755024	24.4866848	24.4866848	22.61986542	24.4866848	24.4866848	24.04335721
Lian	dliantime	0	0.005	0	TL	0.005	0.005	0.005	0.005	0	0.02	0.005
Lian	sumtime	0.005	0.01	0	TL	0	0	0	0	0.005	0.015	0.003888889
42
		4776667	4776668	4776669	4776670	4776671	4776672	4776673	4776674	4776675	4776676
Lian	numberofsteps	6887	2104	927	1460	2684	328	4287	473	647	953	2075
Lian	memory	6041	3119	1425	1603	4346	746	6047	646	1772	1900	2764.5
Lian	pathlength	510.6044	548.86713	448.00226	498.6362	583.37378	544.12946	582.84009	519.29968	529.89825	506.79526	527.244651
Lian	max_angle	22.61986542	24.8515892	24.0755024	24.8515892	24.8515892	24.8515892	24.8515892	24.4866848	24.4866848	24.4866848	24.44133682
Lian	dliantime	0.053003	0.015	0.01	0.01	0.015	0.005	0.025	0.005	0.005	0.01	0.0153003
Lian	sumtime	0.026001	0.025	0.005	0.005	0.015	0	0.02	0	0.01	0.005	0.0111001
43
		4776867	4776868	4776869	4776870	4776871	4776872	4776873	4776874	4776875	4776876
Lian	numberofsteps	2006	68921	151	625	3631	239	520	3703	151	50960	13090.7
Lian	memory	2606	53919	618	959	6306	784	792	5838	630	37910	11036.2
Lian	pathlength	493.44977	553.59387	448.42938	593.10095	546.30988	527.67816	529.97882	615.30035	447.24252	542.46484	529.754854
Lian	max_angle	24.8515892	24.8515892	24.4866848	22.83365059	24.8515892	24.8515892	24.4866848	24.8515892	24.4866848	24.8515892	24.54032402
Lian	dliantime	0.015	0.930001	0	0.005	0.015	0.005	0.005	0.02	0.005	0.437002	0.1437003
Lian	sumtime	0.005	0.485001	0	0.029001	0.005	0	0	0.015	0	0.25	0.0789002
44
		4777067	4777068	4777069	4777070	4777071	4777072	4777073	4777074	4777075	4777076
Lian	numberofsteps	325	280	TL	473	125	60985	5592	1362	3285	218	8071.666667
Lian	memory	691	701	TL	665	402	49314	8850	1775	5015	582	7555
Lian	pathlength	494.9577	482.83752	TL	485.79321	470.09662	515.7356	460.79135	495.92572	450.32642	478.21103	481.6305744
Lian	max_angle	24.4866848	22.40983391	TL	24.8515892	24.4866848	24.4866848	24.4866848	24.8515892	24.8515892	24.8515892	24.41810332
Lian	dliantime	0.005	0.005	TL	0	0	0.742002	0.055	0.01	0.025	0	0.093555778
Lian	sumtime	0	0	TL	0.005	0	0.337002	0.035	0.005	0.01	0	0.043555778
45
		4777267	4777268	4777269	4777270	4777271	4777272	4777273	4777274	4777275	4777276
Lian	numberofsteps	20681	144	16379	3336	104	TL	575	11016	12785	693	7301.444444
Lian	memory	22398	473	18314	3251	466	TL	1283	12438	11677	1500	7977.777778
Lian	pathlength	586.71094	524.79523	580.72717	575.25647	488.67923	TL	448.62057	446.01627	572.03375	533.14746	528.44301
Lian	max_angle	24.8515892	24.4866848	24.8515892	24.8515892	22.24902534	TL	23.96249008	24.4866848	24.8515892	24.8515892	24.38253678
Lian	dliantime	0.135	0.005	0.122001	0.025	0.005	TL	0.005	0.1	0.086	0.005	0.054222333
Lian	sumtime	0.095	0.005	0.137001	0.01	0	TL	0.01	0.03	0.086003	0	0.041444889
46
		4777467	4777468	4777469	4777470	4777471	4777472	4777473	4777474	4777475	4777476
Lian	numberofsteps	567	3097	119	3239	103995	142146	1123	652	2138	TL	28564
Lian	memory	1183	2409	556	4442	82337	110026	1437	1113	2967	TL	22941.11111
Lian	pathlength	529.88995	573.84583	513.56726	499.5032	572.34845	524.50012	460.02725	481.68225	482.99121	TL	515.3728356
Lian	max_angle	24.8515892	24.8515892	24.4866848	24.4866848	72.77656555	24.8515892	24.8515892	24.8515892	24.4866848	TL	30.05495177
Lian	dliantime	0	0.02	0.005	0.03	1.365002	2.390003	0.005	0.005	0.02	TL	0.426667222
Lian	sumtime	0.005	0.015	0	0.02	0.685001	0.845001	0	0.01	0.005	TL	0.176111333
47
		4777667	4777668	4777669	4777670	4777671	4777672	4777673	4777674	4777675	4777676
Lian	numberofsteps	356	2261	187	4376	9556	295	560	817	3309	248	2196.5
Lian	memory	794	3587	579	6936	8068	737	883	1273	2824	584	2626.5
Lian	pathlength	534.34857	504.02829	458.233	568.70776	505.45404	483.20532	488.29401	460.96719	515.82153	466.33649	498.53962
Lian	max_angle	24.8515892	24.4866848	24.8515892	24.8515892	24.4866848	24.4866848	24.8515892	24.8515892	24.8515892	24.4866848	24.70562744
Lian	dliantime	0	0.01	0.005	0.02	0.05	0.005	0.005	0.005	0.015	0.005	0.012
Lian	sumtime	0.005	0.02	0	0.025	0.03	0	0.005	0.01	0.05	0.005	0.015
48
		4777867	4777868	4777869	4777870	4777871	4777872	4777873	4777874	4777875	4777876
Lian	numberofsteps	3314	328	411	31261	552	9622	137	TL	267	59451	11704.77778
Lian	memory	3474	791	842	42401	1070	9970	678	TL	771	61091	13454.22222
Lian	pathlength	474.18381	521.91943	565.3653	494.78906	479.92148	556.04865	450.77597	TL	496.87878	526.07458	507.3285622
Lian	max_angle	24.8515892	24.8515892	24.4866848	24.4866848	22.61986542	24.8515892	24.8515892	TL	24.4866848	24.4866848	24.44144016
Lian	dliantime	0.015	0	0.005	0.370001	0	0.05	0.005	TL	0	0.892003	0.148556
Lian	sumtime	0.01	0	0.005	0.15	0	0.055	0	TL	0.005	0.500001	0.080555667
49
		4778067	4778068	4778069	4778070	4778071	4778072	4778073	4778074	4778075	4778076
Lian	numberofsteps	3891	127	544	79800	308	4292	305	3560	TL	9295	12228.75
Lian	memory	4538	455	926	68194	617	4293	582	4206	TL	8553	11008.875
Lian	pathlength	552.98712	489.07043	495.56964	604.49884	513.83673	PNF	519.44611	589.17804	TL	548.87604	539.1828688
Lian	max_angle	24.8515892	24.8515892	24.4866848	24.4866848	24.8515892	0	24.4866848	24.4866848	TL	24.8515892	24.669137
Lian	dliantime	0.03	0.005	0	0.842002	0.005	0.015	0.005	0.02	TL	0.045	0.11900025
Lian	sumtime	0.015	0.005	0.005	0.497002	0	0.015	0	0.01	TL	0.05	0.07275025
50
		4778267	4778268	4778269	4778270	4778271	4778272	4778273	4778274	4778275	4778276
Lian	numberofsteps	366	13009	1229	6570	193	2460	22932	24893	106	428	7218.6
Lian	memory	788	15055	2389	5657	491	2756	19657	23856	425	747	7182.1
Lian	pathlength	555.97052	519.60492	504.65909	473.70779	499.13571	492.4429	545.39844	589.98999	451.74445	535.08972	516.774353
Lian	max_angle	24.8515892	24.8515892	24.8515892	24.4866848	24.8515892	24.4866848	24.8515892	24.8515892	17.02051926	24.8515892	23.99550133
Lian	dliantime	0.005	0.095	0.01	0.053001	0.005	0.015	0.15	0.355	0	0	0.0688001
Lian	sumtime	0	0.075	0.005	0.034001	0	0.01	0.11	0.16	0	0.005	0.0399001
51
		4778467	4778468	4778469	4778470	4778471	4778472	4778473	4778474	4778475	4778476
Lian	numberofsteps	3019	1833	7763	7985	113	1971	1110	2906	695	927	2832.2
Lian	memory	3272	2221	7484	7925	539	2279	1574	3640	1041	999	3097.4
Lian	pathlength	562.66058	464.56601	502.21371	527.98785	492.5126	528.92163	544.04236	600.8006	471.75854	526.4151	522.187898
Lian	max_angle	24.8515892	24.8515892	24.8515892	24.4866848	24.4866848	24.8515892	24.8515892	24.8515892	24.4866848	22.61986542	24.5189455
Lian	dliantime	0.015	0.01	0.06	0.06	0	0.01	0.005	0.015	0.005	0.005	0.0185
Lian	sumtime	0.01	0.01	0.04	0.04	0	0	0.005	0.01	0	0	0.0115
52
		4778676	4778677	4778678	4778679	4778680	4778681	4778682	4778683	4778684	4778685
Lian	numberofsteps	99	1919	283	53210	1134	499	10332	315	4611	TL	8044.666667
Lian	memory	449	2572	779	49491	1464	667	11281	778	4215	TL	7966.222222
Lian	pathlength	436.90204	560.60284	510.84009	612.34259	507.7428	461.82361	474.07251	496.24594	518.67285	TL	508.80503
Lian	max_angle	24.8515892	24.8515892	24.8515892	24.4866848	24.8515892	24.8515892	24.8515892	24.4866848	24.8515892	TL	24.77049934
Lian	dliantime	0	0.01	0	0.480001	0.005	0.005	0.07	0	0.025	TL	0.066111222
Lian	sumtime	0.005	0	0	0.305	0.01	0	0.02	0.005	0.015	TL	0.04
53
		4778867	4778868	4778869	4778870	4778871	4778872	4778873	4778874	4778875	4778876
Lian	numberofsteps	TL	1079	542	6467	1084	1617	360	3584	2383	63097	8912.555556
Lian	memory	TL	1186	1031	6168	1467	2580	712	5250	1966	51729	8009.888889
Lian	pathlength	TL	548.41071	464.15396	580.75677	494.87573	543.4317	466.57263	475.07791	482.93845	540.23328	510.7167933
Lian	max_angle	TL	24.8515892	24.8515892	24.8515892	24.8515892	24.4866848	22.40983391	24.8515892	24.8515892	24.4866848	24.49919319
Lian	dliantime	TL	0.005	0.005	0.04	0.005	0.01	0	0.015	0.01	1.092003	0.131333667
Lian	sumtime	TL	0	0	0.025	0.01	0.01	0	0.035	0.01	0.470001	0.062222333
54
		4779067	4779068	4779069	4779070	4779071	4779072	4779073	4779074	4779075	4779076
Lian	numberofsteps	6863	3730	273	13043	190	6127	6064	211	905	35953	7335.9
Lian	memory	6790	4571	539	11779	446	5889	5818	524	1546	39359	7726.1
Lian	pathlength	486.85587	504.91132	459.28708	617.76282	532.74768	463.89902	557.2666	473.40674	486.60065	476.02267	505.876045
Lian	max_angle	24.8515892	24.8515892	24.4866848	24.8515892	24.4866848	24.8515892	24.8515892	24.4866848	24.4866848	24.4866848	24.669137
Lian	dliantime	0.045	0.015	0.005	0.095002	0	0.03	0.035	0	0.005	0.257003	0.0487005
Lian	sumtime	0.03	0.015	0	0.052001	0	0.015	0.02	0	0.005	0.392003	0.0529004
55
		4779267	4779268	4779269	4779270	4779271	4779272	4779273	4779274	4779275	4779276
Lian	numberofsteps	1094	14	2252	3749	9003	11558	117	15154	557	TL	6972.166667
Lian	memory	1095	15	3989	3922	11916	8823	429	13539	558	TL	7103
Lian	pathlength	PNF	PNF	547.49518	471.35315	532.9469	561.00549	472.86743	551.28937	PNF	TL	522.8262533
Lian	max_angle	0	0	24.4866848	24.8515892	23.3440094	24.8515892	24.4866848	24.8515892	0	TL	24.4786911
Lian	dliantime	0	0	0.01	0.02	0.092001	0.07	0.005	0.135	0	TL	0.0553335
Lian	sumtime	0.005	0	0.015	0.01	0.085	0.045	0	0.085	0.005	TL	0.04
56
		4779467	4779468	4779469	4779470	4779471	4779472	4779473	4779474	4779475	4779476
Lian	numberofsteps	84	299926	175601	93	97	1224	1027	72896	868	1778	55359.4
Lian	memory	532	220065	119862	570	547	1666	2223	57561	1062	2003	40609.1
Lian	pathlength	407.74658	579.36145	578.2063	453.99747	487.29529	541.20502	588.9455	543.22784	493.22372	515.44446	518.865363
Lian	max_angle	23.96249008	24.4866848	72.77656555	11.42116547	11.30993366	24.8515892	24.8515892	24.4866848	24.4866848	24.8515892	26.74849768
Lian	dliantime	0.005	9.235013	3.339008	0	0	0.005	0.005	0.737003	0.005	0.01	1.3341024
Lian	sumtime	0	3.975005	1.614006	0	0	0.01	0.01	0.222003	0.005	0	0.5836014
57
		4779667	4779668	4779669	4779670	4779671	4779672	4779673	4779674	4779675	4779676
Lian	numberofsteps	1359	486	103	13	5797	2338	7322	1460	184	103	2128
Lian	memory	1244	743	444	14	8237	4049	7500	1634	671	528	2783.333333
Lian	pathlength	533.2865	486.32968	489.83179	PNF	473.93747	477.87946	472.60349	551.08228	463.79755	436.59299	487.2601344
Lian	max_angle	24.8515892	24.8515892	23.96249008	0	24.8515892	24.4866848	24.8515892	24.8515892	23.96249008	23.96249008	24.5146779
Lian	dliantime	0.005	0	0	0	0.025	0.02	0.06	0.01	0	0	0.013333333
Lian	sumtime	0	0.005	0	0	0.055	0.005	0.02	0.005	0.005	0	0.010555556
58
		4779867	4779868	4779869	4779870	4779871	4779872	4779873	4779874	4779875	4779876
Lian	numberofsteps	3459	122	7064	11906	328	1121	344	597	964	8089	3399.4
Lian	memory	3285	582	4900	11947	759	1464	911	1223	1516	9692	3627.9
Lian	pathlength	522.065	470.99722	524.48633	548.81531	503.94385	526.26813	492.56	509.76221	522.87054	467.36432	508.913291
Lian	max_angle	24.8515892	24.8515892	24.8515892	23.96249008	24.4866848	24.8515892	23.96249008	24.4866848	23.19858742	24.8515892	24.43548832
Lian	dliantime	0.02	0.005	0.04	0.12	0	0.01	0	0.005	0.01	0.07	0.028
Lian	sumtime	0.01	0.005	0.03	0.05	0.005	0.005	0.005	0	0.005	0.05	0.0165
59
		4780067	4780068	4780069	4780070	4780071	4780072	4780073	4780074	4780075	4780076
Lian	numberofsteps	6732	539640	1273676	438	29160	165	5963	6176	1432	94	186347.6
Lian	memory	5964	483758	972458	824	34461	445	4628	7325	2774	435	151307.2
Lian	pathlength	549.1875	549.32947	627.35681	505.86154	531.1615	471.84183	505.43985	534.79926	538.0943	470.46533	528.353739
Lian	max_angle	24.8515892	24.8515892	24.8515892	24.8515892	24.8515892	22.61986542	24.4866848	24.8515892	24.8515892	22.61986542	24.36875401
Lian	dliantime	0.04	34.435048	128.746184	0.005	0.145	0.005	0.04	0.04	0.01	0	16.3466232
Lian	sumtime	0.025	14.13002	62.081091	0.005	0.28	0	0.040001	0.025	0.01	0	7.6596112
60
		4780267	4780268	4780269	4780270	4780271	4780272	4780273	4780274	4780275	4780276
Lian	numberofsteps	3980	265	1147	1813	161	90359	809	9974	111	1544	11016.3
Lian	memory	4014	785	2516	2066	559	108061	1747	12626	434	1771	13457.9
Lian	pathlength	572.41821	520.3324	572.4317	482.18298	513.19672	686.31421	538.42938	543.20856	466.34509	508.3093	540.316855
Lian	max_angle	24.8515892	24.8515892	24.8515892	24.4866848	24.4866848	35.27242279	24.4866848	24.8515892	24.4866848	24.8515892	25.7477108
Lian	dliantime	0.025	0.005	0.005	0.015	0.003	1.02401	0.005	0.048001	0.005	0.01	0.1145011
Lian	sumtime	0.015	0	0.01	0.005	0.001	1.889012	0.01	0.050001	0	0.01	0.1990013
61
		4780467	4780468	4780469	4780470	4780471	4780472	4780473	4780474	4780475	4780476
Lian	numberofsteps	132	225	1324	179688	233	152	1625	103	113	1776	18537.1
Lian	memory	557	695	2415	130512	699	430	2288	437	418	2875	14132.6
Lian	pathlength	453.37802	480.74496	501.741	626.32233	477.18314	464.67023	559.38568	443.47626	501.76901	574.70789	508.337852
Lian	max_angle	24.4866848	22.61986542	24.8515892	24.8515892	24.8515892	24.4866848	24.4866848	22.40983391	24.8515892	24.4866848	24.23827953
Lian	dliantime	0.005	0.005	0.005	3.447006	0.005	0	0.01	0	0.005	0.01	0.3492006
Lian	sumtime	0	0	0.005	1.462003	0	0	0.01	0	0	0.01	0.1487003
62
		4780667	4780668	4780669	4780670	4780671	4780672	4780673	4780674	4780675	4780676
Lian	numberofsteps	94232	1270	1000	4099	973	2923	102126	912	906	22996	23143.7
Lian	memory	73674	1299	1218	5359	1642	4105	80068	1665	1400	19473	18990.3
Lian	pathlength	454.2034	552.61414	515.45856	503.62677	481.95709	531.29388	522.20416	560.59863	477.00708	569.85699	516.88207
Lian	max_angle	24.8515892	24.8515892	24.8515892	24.8515892	22.40983391	24.8515892	24.8515892	24.8515892	24.4866848	24.8515892	24.57092323
Lian	dliantime	0.842002	0.01	0.005	0.02	0.015	0.025	0.915001	0.005	0.01	0.195	0.2042003
Lian	sumtime	0.325001	0.005	0.01	0.025	0.005	0.015	0.485001	0.01	0.005	0.09	0.0975002
63
		4780867	4780868	4780869	4780870	4780871	4780872	4780873	4780874	4780875	4780876
Lian	numberofsteps	718	1695	1087	150	1459	1187	224	10739	338	270	1947.666667
Lian	memory	1184	2115	1574	457	1682	1658	559	12551	339	555	2481.666667
Lian	pathlength	476.53693	444.52322	522.21741	531.76648	538.42676	542.19885	547.91681	446.39267	PNF	536.06604	509.5605744
Lian	max_angle	24.4866848	22.40983391	24.8515892	24.4866848	24.8515892	24.8515892	24.8515892	24.4866848	0	24.4866848	24.41810332
Lian	dliantime	0.005	0.01	0.01	0.005	0.01	0.01	0.005	0.045	0.005	0.005	0.011666667
Lian	sumtime	0.01	0	0.005	0	0.01	0.005	0	0.09	0	0	0.013333333
64
		4781067	4781068	4781069	4781070	4781071	4781072	4781073	4781074	4781075	4781076
Lian	numberofsteps	127	TL	1472	9355	496	663	906	149	1596	20491	3917.222222
Lian	memory	508	TL	2507	9287	979	933	1078	537	2025	17130	3887.111111
Lian	pathlength	450.4068	TL	498.25357	453.78171	454.61108	499.70981	517.034	511.57419	479.4696	507.89716	485.8597689
Lian	max_angle	22.61986542	TL	24.8515892	24.4866848	24.8515892	24.4866848	24.4866848	24.4866848	24.4866848	24.8515892	24.40089522
Lian	dliantime	0.005	TL	0.005	0.095	0.005	0.005	0.005	0	0.01	0.14	0.03
Lian	sumtime	0	TL	0.005	0.03	0	0.01	0	0	0.01	0.055	0.012222222
65
		4781267	4781268	4781269	4781270	4781271	4781272	4781273	4781274	4781275	4781276
Lian	numberofsteps	44274	53043	1539	4285	1482	TL	526	1933	5318	2143	12727
Lian	memory	39013	45428	2135	4356	1696	TL	1214	2439	7637	2424	11815.77778
Lian	pathlength	628.90778	579.51636	552.6665	545.02698	570.46173	TL	541.24646	527.55377	486.81461	534.37567	551.8410956
Lian	max_angle	24.4866848	24.8515892	24.4866848	24.8515892	24.8515892	TL	24.4866848	24.8515892	24.4866848	24.4866848	24.64886453
Lian	dliantime	0.430001	0.440001	0.01	0.025	0.01	TL	0.005	0.01	0.055	0.015	0.111111333
Lian	sumtime	0.2	0.24	0.01	0.015	0.005	TL	0.005	0.01	0.03	0.01	0.058333333
66
		4781467	4781468	4781469	4781470	4781471	4781472	4781473	4781474	4781475	4781476
Lian	numberofsteps	3151	590	16801	64133	40310	181	2944	2142	128	803	13118.3
Lian	memory	4599	1112	15175	47812	38813	413	3188	2627	437	1037	11521.3
Lian	pathlength	537.32544	591.52905	512.40405	614.5188	487.47827	497.23236	599.00098	509.04819	521.49243	500.13904	537.016861
Lian	max_angle	24.8515892	24.8515892	24.8515892	24.4866848	24.8515892	24.4866848	24.8515892	24.4866848	22.61986542	24.4866848	24.48245506
Lian	dliantime	0.025	0.005	0.14	0.525001	0.400001	0.005	0.015	0.015	0.005	0.005	0.1140002
Lian	sumtime	0.02	0	0.08	0.470001	0.19	0.005	0.01	0.01	0	0.005	0.0790001
67
		4781667	4781668	4781669	4781670	4781671	4781672	4781673	4781674	4781675	4781676
Lian	numberofsteps	802	1217	717	7812	4412	1890	167	1683	1235	2386	2461.555556
Lian	memory	1104	2006	1109	6544	5418	1738	168	1786	1312	3088	2678.333333
Lian	pathlength	460.62332	495.81042	511.17462	516.10706	534.3479	507.05981	PNF	524.14319	561.6817	447.42023	506.4853611
Lian	max_angle	22.61986542	24.8515892	24.8515892	24.8515892	24.4866848	24.4866848	0	24.8515892	24.8515892	24.4866848	24.48198509
Lian	dliantime	0.005	0.005	0.005	0.05	0.02	0.015	0	0.01	0.005	0.015	0.014444444
Lian	sumtime	0	0.01	0.01	0.03	0.03	0.005	0.005	0.005	0.005	0.01	0.011666667
68
		4781867	4781868	4781869	4781870	4781871	4781872	4781873	4781874	4781875	4781876
Lian	numberofsteps	2314	1916	132	8505	3289	TL	11674	109	TL	6285	4278
Lian	memory	2657	2223	392	10308	3724	TL	11621	470	TL	7474	4858.625
Lian	pathlength	472.23798	491.20459	472.36655	535.17261	502.81326	TL	542.97028	470.62579	TL	589.92767	509.6648413
Lian	max_angle	24.8515892	24.8515892	22.61986542	24.4866848	24.4866848	TL	24.4866848	24.4866848	TL	24.8515892	24.39017153
Lian	dliantime	0.01	0.01	0.005	0.047001	0.02	TL	0.12	0	TL	0.02	0.029000125
Lian	sumtime	0.01	0.005	0	0.087001	0.015	TL	0.07	0	TL	0.03	0.027125125
69
		4782067	4782068	4782069	4782070	4782071	4782072	4782073	4782074	4782075	4782076
Lian	numberofsteps	2375	71696	407	58462	1884	1386	1134	1451	5182	119	14409.6
Lian	memory	2432	51910	599	56386	3889	1398	1052	1362	5996	403	12542.7
Lian	pathlength	519.9408	503.28961	531.84357	561.53857	529.5899	485.82794	545.73407	464.078	570.25092	477.83081	518.992419
Lian	max_angle	24.8515892	24.8515892	24.4866848	24.8515892	24.8515892	23.96249008	24.4866848	24.4866848	24.8515892	23.96249008	24.56429806
Lian	dliantime	0.01	0.607005	0.005	1.290002	0.01	0	0.005	0.01	0.05	0	0.1987007
Lian	sumtime	0	0.362005	0	0.465001	0	0.005	0	0.005	0.025	0	0.0862006
70
		4782267	4782268	4782269	4782270	4782271	4782272	4782273	4782274	4782275	4782276
Lian	numberofsteps	1149	6055	664	187	1815	1925	143997	7867	4314	2873	17084.6
Lian	memory	1418	8747	774	574	3127	2168	108480	9336	6968	2825	14441.7
Lian	pathlength	489.62311	531.38837	499.99628	553.73505	489.60974	532.58563	603.56281	542.18036	512.11389	501.77792	525.657316
Lian	max_angle	24.4866848	24.8515892	24.8515892	24.8515892	24.8515892	24.4866848	24.8515892	24.8515892	24.8515892	24.4866848	24.74211788
Lian	dliantime	0.005	0.045	0.005	0.005	0.01	0.015	1.780002	0.06	0.025	0.027001	0.1977003
Lian	sumtime	0	0.03	0	0	0.02	0.005	0.725001	0.03	0.025	0.015	0.0850001
71
		4782467	4782468	4782469	4782470	4782471	4782472	4782473	4782474	4782475	4782476
Lian	numberofsteps	1109	22629	614079	299	215	175	TL	110	539	545	71077.77778
Lian	memory	1290	21583	465790	707	463	497	TL	434	1156	853	54752.55556
Lian	pathlength	550.76233	577.40747	631.83746	535.46881	530.54675	521.79065	TL	467.38058	532.35175	515.25452	540.3111467
Lian	max_angle	24.4866848	24.8515892	24.8515892	24.8515892	24.4866848	24.4866848	TL	24.8515892	24.4866848	24.4866848	24.64886453
Lian	dliantime	0.005	0.302002	46.792067	0	0.005	0.002	TL	0	0.005	0.005	5.235118778
Lian	sumtime	0.005	0.09	37.272053	0.005	0	0	TL	0	0	0.01	4.153561444
72
		4782667	4782668	4782669	4782670	4782671	4782672	4782673	4782674	4782675	4782676
Lian	numberofsteps	254	226	633	802	9389	892	27911	789	303	422	4162.1
Lian	memory	814	595	805	1512	10319	1241	32719	969	895	760	5062.9
Lian	pathlength	549.71875	452.02615	487.26511	539.71558	496.20233	488.41864	616.53918	486.80331	478.48325	559.57471	515.474701
Lian	max_angle	24.8515892	24.4866848	22.61986542	22.40983391	24.8515892	24.8515892	24.8515892	24.4866848	24.8515892	24.8515892	24.31126041
Lian	dliantime	0.005	0.005	0.005	0.005	0.075	0.005	0.325	0.005	0.005	0	0.0435
Lian	sumtime	0	0	0	0	0.035	0.005	0.09	0	0.005	0.005	0.014
73
		4782867	4782868	4782869	4782870	4782871	4782872	4782873	4782874	4782875	4782876
Lian	numberofsteps	2844	246	1760	1218	35216	223	4425	15407	1014	101	6245.4
Lian	memory	3445	898	2583	2718	30458	700	5018	15355	2020	332	6352.7
Lian	pathlength	511.47736	527.92462	538.84119	480.49149	479.14633	512.91064	445.05762	524.13953	465.67221	455.18176	494.084275
Lian	max_angle	24.4866848	24.4866848	24.8515892	24.8515892	24.8515892	24.4866848	24.4866848	24.4866848	24.8515892	24.8515892	24.669137
Lian	dliantime	0.015	0.005	0.01	0.01	0.360001	0.005	0.052001	0.135	0.005	0	0.0597002
Lian	sumtime	0.015	0	0.01	0.015	0.17	0	0.018	0.06	0.01	0	0.0298
74
		4783067	4783068	4783069	4783070	4783071	4783072	4783073	4783074	4783075	4783076
Lian	numberofsteps	259	838	1486	105	98	168	43	960	194	5127	1026.111111
Lian	memory	775	1640	2357	513	453	468	44	1606	696	5929	1604.111111
Lian	pathlength	502.67285	517.0307	524.63446	456.26236	496.89841	507.6586	PNF	466.33817	478.76697	479.49689	492.19549
Lian	max_angle	24.8515892	24.8515892	24.8515892	24.8515892	22.40983391	24.8515892	0	24.8515892	24.8515892	24.4866848	24.53973813
Lian	dliantime	0.005	0.005	0.005	0	0	0.005	0	0.01	0.005	0.04	0.008333333
Lian	sumtime	0	0.015	0.01	0.005	0	0.005	0	0.005	0	0.025	0.007222222
75
		4783267	4783268	4783269	4783270	4783271	4783272	4783273	4783274	4783275	4783276
Lian	numberofsteps	616	113	23931	15543	2335	12224	2416	1009	427	672	5928.6
Lian	memory	1032	364	20999	19508	2030	11727	2666	2059	739	951	6207.5
Lian	pathlength	458.7482	454.60391	481.64911	508.82007	482.60629	496.43689	491.12167	518.22058	487.12939	482.19595	486.153206
Lian	max_angle	24.8515892	23.3440094	24.8515892	24.4866848	24.4866848	24.8515892	24.8515892	24.8515892	24.4866848	22.61986542	24.36818752
Lian	dliantime	0.005	0.005	0.21	0.09	0.01	0.125	0.015	0.01	0.005	0.005	0.048
Lian	sumtime	0.005	0	0.175	0.195	0.01	0.045	0.01	0.005	0	0	0.0445
76
		4783467	4783468	4783469	4783470	4783471	4783472	4783473	4783474	4783475	4783476
Lian	numberofsteps	120	949	132	16050	1810	252	2054	343	23414	575	4569.9
Lian	memory	491	1201	449	16115	2186	718	2995	709	23035	1141	4904
Lian	pathlength	461.35397	484.5426	486.18646	492.37021	470.93338	483.95316	559.32343	475.94153	517.31531	487.26257	491.918262
Lian	max_angle	22.3801403	24.4866848	22.61986542	24.8515892	24.8515892	24.8515892	24.4866848	22.40983391	24.8515892	24.8515892	24.06411552
Lian	dliantime	0.005	0	0.005	0.175	0.01	0.005	0.015	0.005	0.265	0.005	0.049
Lian	sumtime	0	0.005	0	0.1	0.01	0	0.01	0	0.145	0	0.027
77
		4783667	4783668	4783669	4783670	4783671	4783672	4783673	4783674	4783675	4783676
Lian	numberofsteps	386	21609	10197	185	112	109	175	5232	4180	29118	7130.3
Lian	memory	827	21180	12360	545	441	509	619	8861	4349	22959	7265
Lian	pathlength	471.94427	495.30548	482.69168	462.92239	487.78485	461.22397	484.4549	517.96295	471.93036	497.55441	483.377526
Lian	max_angle	22.61986542	24.8515892	24.8515892	24.4866848	24.4866848	22.61986542	23.96249008	24.8515892	24.8515892	24.4866848	24.20686321
Lian	dliantime	0.005	0.175	0.08	0.005	0	0	0	0.045	0.03	0.34	0.068
Lian	sumtime	0	0.08	0.055	0.005	0	0	0	0.025	0.01	0.175	0.035
78
		4783867	4783868	4783869	4783870	4783871	4783872	4783873	4783874	4783875	4783876
Lian	numberofsteps	535	2379	322	354	214	7476	105	111	1221	1842	1455.9
Lian	memory	1254	3410	797	751	496	8340	519	437	2351	2955	2131
Lian	pathlength	510.66748	442.87091	516.04541	532.49854	526.98535	482.76065	428.78595	460.41095	470.34924	467.13947	483.851395
Lian	max_angle	24.8515892	24.8515892	24.4866848	24.4866848	24.4866848	24.8515892	24.8515892	24.8515892	24.8515892	24.4866848	24.70562744
Lian	dliantime	0.005	0.02	0.005	0.005	0.005	0.05	0.005	0.005	0.005	0.01	0.0115
Lian	sumtime	0.005	0.01	0.005	0	0	0.03	0.005	0	0.01	0.005	0.007
79
		4784067	4784068	4784069	4784070	4784071	4784072	4784073	4784074	4784075	4784076
Lian	numberofsteps	768	746	220	878	1644	4153	97	325829	918	504	33575.7
Lian	memory	906	1098	640	1563	2026	5081	516	253963	1158	1032	26798.3
Lian	pathlength	511.84555	518.60553	521.39056	489.41998	478.68433	473.76498	450.98694	510.39679	495.21921	456.15112	490.646499
Lian	max_angle	23.96249008	24.82934761	24.8515892	24.8515892	24.8515892	24.4866848	22.40983391	24.8515892	24.8515892	24.8515892	24.47978916
Lian	dliantime	0.005	0.005	0	0	0.01	0.03	0.005	8.145011	0.005	0.005	0.8210011
Lian	sumtime	0	0.005	0	0.005	0	0.02	0	3.575005	0	0	0.3605005
80
		4784267	4784268	4784269	4784270	4784271	4784272	4784273	4784274	4784275	4784276
Lian	numberofsteps	571	230	1603	291	1413	8363	155	18296	474	52574	8397
Lian	memory	853	465	2241	631	1239	11633	478	13739	906	49669	8185.4
Lian	pathlength	509.90866	487.99826	477.59534	486.99268	474.3139	536.63965	507.45441	488.64178	518.70331	554.50842	504.275641
Lian	max_angle	24.4866848	24.8515892	24.8515892	24.8515892	24.4866848	24.4866848	24.8515892	24.8515892	24.4866848	24.4866848	24.669137
Lian	dliantime	0.018	0	0.01	0	0.01	0.065	0	0.15	0.005	0.3	0.0558
Lian	sumtime	0.017	0	0.005	0	0	0.045	0	0.05	0.01	0.31	0.0437
81
		4784467	4784468	4784469	4784470	4784471	4784472	4784473	4784474	4784475	4784476
Lian	numberofsteps	615	92	728	TL	118	TL	135	172	138	165	270.375
Lian	memory	995	457	1271	TL	597	TL	531	535	525	631	692.75
Lian	pathlength	484.41827	452.6748	472.63354	TL	463.92191	TL	517.6178	502.94025	458.09009	483.35843	479.4568863
Lian	max_angle	24.8515892	24.8515892	24.8515892	TL	24.8515892	TL	24.4866848	24.4866848	24.4866848	24.4866848	24.669137
Lian	dliantime	0.005	0	0.005	TL	0.005	TL	0.005	0.005	0.005	0	0.00375
Lian	sumtime	0.01	0	0	TL	0	TL	0.005	0	0	0	0.001875
82
		4784667	4784668	4784669	4784670	4784671	4784672	4784673	4784674	4784675	4784676
Lian	numberofsteps	260	160	7380	255	284	18850	986	798	1125	1943	3204.1
Lian	memory	588	478	9112	598	577	13864	1706	1192	1829	3607	3355.1
Lian	pathlength	450.20377	505.40607	552.41821	510.8399	524.18176	486.319	472.0101	509.25735	515.19482	504.53888	503.036986
Lian	max_angle	24.4866848	24.4866848	24.8515892	24.4866848	24.8515892	24.4866848	24.8515892	24.4866848	24.8515892	24.8515892	24.669137
Lian	dliantime	0	0.005	0.065	0	0.005	0.145	0.005	0.005	0.005	0.02	0.0255
Lian	sumtime	0.005	0	0.03	0	0	0.07	0.01	0	0.005	0.015	0.0135
83
		4784867	4784868	4784869	4784870	4784871	4784872	4784873	4784874	4784875	4784876
Lian	numberofsteps	1091	826	7641	203	9115	317	962	3345	184	33302	5698.6
Lian	memory	1309	789	6536	555	7779	788	987	2632	543	33475	5539.3
Lian	pathlength	504.11313	450.59464	467.97589	445.32724	460.12579	525.56519	462.27823	512.01208	457.38736	453.26572	473.864527
Lian	max_angle	24.8515892	23.96249008	23.96249008	24.4866848	24.4866848	24.8515892	23.3440094	24.8515892	24.4866848	24.8515892	24.41354008
Lian	dliantime	0.005	0.005	0.035	0	0.065	0	0.005	0.015	0	0.31	0.044
Lian	sumtime	0.005	0	0.025	0	0.035	0	0.01	0.01	0.005	0.175	0.0265
84
		4785067	4785068	4785069	4785070	4785071	4785072	4785073	4785074	4785075	4785076
Lian	numberofsteps	218	197	352	4365	143	1082	234	13428	15154	1173	3634.6
Lian	memory	475	607	1085	5534	444	1572	508	13506	16414	1264	4140.9
Lian	pathlength	482.01343	464.4794	480.64075	515.03101	479.52792	508.49149	489.01382	485.37265	563.31177	501.47025	496.935249
Lian	max_angle	24.8515892	24.4866848	24.4866848	24.4866848	24.4866848	24.8515892	24.8515892	24.8515892	24.8515892	24.4866848	24.669137
Lian	dliantime	0.005	0	0.005	0.04	0.005	0.01	0	0.125	0.155	0.005	0.035
Lian	sumtime	0	0	0	0.01	0	0.005	0.005	0.085	0.07	0.005	0.018
85
		4785267	4785268	4785269	4785270	4785271	4785272	4785273	4785274	4785275	4785276
Lian	numberofsteps	163	2046	159675	10047	1110	TL	771	TL	355639	10767	67527.25
Lian	memory	413	2704	145263	14511	1422	TL	1251	TL	274951	13643	56769.75
Lian	pathlength	478.21533	506.70807	516.883	557.38086	507.10284	TL	582.51019	TL	595.78638	594.78564	542.4215388
Lian	max_angle	24.4866848	22.40983391	24.8515892	24.8515892	24.8515892	TL	24.8515892	TL	24.8515892	24.8515892	24.50075674
Lian	dliantime	0.005	0.02	3.650005	0.065	0.005	TL	0.01	TL	12.069021	0.05	1.98425325
Lian	sumtime	0.005	0.015	1.430002	0.12	0	TL	0.005	TL	5.939012	0.08	0.94925175
86
		4785467	4785468	4785469	4785470	4785471	4785472	4785473	4785474	4785475	4785476
Lian	numberofsteps	1265	TL	877	29935	99	3946	30345	2237	2243	117	7896
Lian	memory	1798	TL	1183	20923	584	3607	24217	2676	2435	508	6436.777778
Lian	pathlength	449.91183	TL	503.80707	463.7536	489.72858	555.12189	545.26062	526.49438	495.71085	470.2019	499.9989689
Lian	max_angle	24.4866848	TL	23.3440094	24.4866848	24.4866848	24.8515892	24.8515892	24.8515892	24.8515892	22.40983391	24.29113939
Lian	dliantime	0.01	TL	0.005	0.16	0	0.02	0.226001	0.01	0.015	0.005	0.050111222
Lian	sumtime	0.005	TL	0.01	0.125	0	0.01	0.091001	0.01	0.005	0	0.028444556
87
		4785671	4785672	4785673	4785674	4785675	4785676	4785677	4785678	4785679	4785680
Lian	numberofsteps	2816	796	TL	92	209	TL	152884	49442	36604	1425	30533.5
Lian	memory	5042	1040	TL	457	434	TL	113053	38724	26048	1889	23335.875
Lian	pathlength	503.8562	474.48608	TL	448.29932	509.29544	TL	527.55328	533.44153	548.61298	486.70013	504.03062
Lian	max_angle	24.8515892	24.8515892	TL	24.4866848	24.8515892	TL	24.8515892	24.8515892	24.4866848	24.4866848	24.71475005
Lian	dliantime	0.02	0	TL	0.005	0.005	TL	2.567005	0.565001	0.255	0.005	0.42775075
Lian	sumtime	0.025	0.005	TL	0	0.005	TL	1.300002	0.362002	0.155	0.005	0.2321255
88
		4785867	4785868	4785869	4785870	4785871	4785872	4785873	4785874	4785875	4785876
Lian	numberofsteps	6511	465	238	3657	992	4669	3980	223	210	10638	3158.3
Lian	memory	6133	783	517	3240	1230	3948	3894	492	578	11068	3188.3
Lian	pathlength	510.29419	491.92682	464.83661	512.79956	522.71124	498.57288	564.39844	466.58344	487.29602	555.07562	507.449482
Lian	max_angle	22.61986542	24.8515892	24.4866848	24.8515892	24.8515892	24.4866848	24.8515892	24.4866848	23.96249008	24.4866848	24.39354515
Lian	dliantime	0.04	0.005	0.005	0.02	0.005	0.043002	0.02	0	0.005	0.09	0.0233002
Lian	sumtime	0.02	0.005	0.005	0.015	0	0.021001	0.015	0.005	0.005	0.055	0.0146001
89
		4786067	4786068	4786069	4786070	4786071	4786072	4786073	4786074	4786075	4786076
Lian	numberofsteps	TL	1642	121	4588	9393	2756	1491	2936	133	26385	5493.888889
Lian	memory	TL	3007	429	6011	11824	4072	3123	4000	573	23866	6322.777778
Lian	pathlength	TL	519.76343	475.03366	536.12854	547.06287	511.4346	483.48074	496.8942	543.7724	512.88702	514.0508289
Lian	max_angle	TL	24.8515892	24.4866848	24.4866848	24.4866848	24.8515892	24.8515892	24.4866848	24.4866848	22.3801403	24.3742591
Lian	dliantime	TL	0.01	0.005	0.045	0.04	0.01	0.01	0.025	0.005	0.200002	0.038889111
Lian	sumtime	TL	0	0	0.025	0.085	0.02	0.005	0.015	0	0.095002	0.027222444
90
		4786267	4786268	4786269	4786270	4786271	4786272	4786273	4786274	4786275	4786276
Lian	numberofsteps	11204	931	5005	7529	1180	2836	5970	70312	14573	1283	12082.3
Lian	memory	10717	1449	6720	7117	2018	2377	6249	48089	13550	1645	9993.1
Lian	pathlength	562.01251	512.75153	512.07806	555.26569	496.06839	529.60181	549.96765	569.57727	534.08307	503.52002	532.4926
Lian	max_angle	24.8515892	24.8515892	24.4866848	24.4866848	24.8515892	24.8515892	24.4866848	24.4866848	24.8515892	24.8515892	24.70562744
Lian	dliantime	0.05	0.005	0.045	0.06	0.005	0.01	0.035	0.650001	0.16	0.005	0.1025001
Lian	sumtime	0.045	0.005	0.025	0.035	0	0.01	0.02	0.300001	0.05	0.005	0.0495001
91
		4786467	4786468	4786469	4786470	4786471	4786472	4786473	4786474	4786475	4786476
Lian	numberofsteps	10207	796	5808	2435	177	3143	268724	3781	4323	490	29988.4
Lian	memory	13149	907	8028	2065	773	4373	230881	5570	5348	1108	27220.2
Lian	pathlength	555.39905	603.59955	541.03278	567.30426	500.39453	566.51611	610.12152	558.05566	586.14966	516.11029	560.468341
Lian	max_angle	24.8515892	24.8515892	24.8515892	24.4866848	24.4866848	24.8515892	24.8515892	24.8515892	24.4866848	24.4866848	24.70562744
Lian	dliantime	0.075	0.005	0.035	0.01	0	0.01	14.775021	0.025	0.025	0.005	1.4965021
Lian	sumtime	0.075	0.005	0.03	0.01	0.005	0.015	6.420009	0.015	0.02	0.005	0.6600009
92
		4786667	4786668	4786669	4786670	4786671	4786672	4786673	4786674	4786675	4786676
Lian	numberofsteps	34589	4145	15	3077	20531	8718	412	32408	81	953	13104.125
Lian	memory	36145	6163	16	2654	23648	9325	843	28951	82	1861	13698.75
Lian	pathlength	555.58313	532.76782	PNF	494.90759	563.04541	531.66888	517.49225	580.84204	PNF	542.62964	539.867095
Lian	max_angle	24.8515892	22.61986542	0	24.4866848	24.8515892	24.8515892	24.4866848	24.8515892	0	24.4866848	24.43578458
Lian	dliantime	0.257002	0.02	0	0.02	0.1	0.075	0.006	0.367003	0	0.005	0.106250625
Lian	sumtime	0.467002	0.04	0	0.015	0.12	0.045	0.005	0.175	0	0.01	0.10962525
93
		4786867	4786868	4786869	4786870	4786871	4786872	4786873	4786874	4786875	4786876
Lian	numberofsteps	2607	10825	TL	32601	22424	3123	217	2171	199	4434	8733.444444
Lian	memory	2865	12520	TL	26468	19382	2234	560	1849	601	6752	8136.777778
Lian	pathlength	543.59827	487.40588	TL	578.77344	555.42999	560.1991	430.38934	499.32126	464.23947	540.1286	517.7205944
Lian	max_angle	24.8515892	24.4866848	TL	24.4866848	24.8515892	24.4866848	21.80140686	24.8515892	24.8515892	24.8515892	24.39104525
Lian	dliantime	0.01	0.135	TL	0.29	0.145	0.015	0.005	0.01	0.004	0.035	0.072111111
Lian	sumtime	0.015	0.06	TL	0.12	0.08	0.01	0	0.01	0.004	0.03	0.036555556
94
		4787067	4787068	4787069	4787070	4787071	4787072	4787073	4787074	4787075	4787076
Lian	numberofsteps	1054	7898	2812	TL	18197	383	432	3194	2122	233	4036.111111
Lian	memory	1086	8641	4380	TL	24561	831	806	3241	3095	532	5241.444444
Lian	pathlength	452.22806	490.21036	498.97897	TL	501.16901	462.53214	477.77502	543.18378	520.92413	495.67548	493.6307722
Lian	max_angle	24.8515892	24.8515892	24.8515892	TL	24.8515892	24.4866848	24.8515892	24.8515892	24.4866848	22.61986542	24.52253003
Lian	dliantime	0.01	0.06	0.015	TL	0.33	0.005	0.005	0.015	0.015	0	0.050555556
Lian	sumtime	0.005	0.025	0.01	TL	0.11	0	0	0.005	0.01	0.005	0.018888889
95
		4787267	4787268	4787269	4787270	4787271	4787272	4787273	4787274	4787275	4787276
Lian	numberofsteps	4235	16569	121	2856	3695	3017	5742	2608	TL	632	4386.111111
Lian	memory	4657	17436	543	5290	3767	3390	7023	2399	TL	1046	5061.222222
Lian	pathlength	466.07538	533.01239	496.15195	548.70685	530.42133	527.57172	569.9577	560.23676	TL	483.90799	524.0046744
Lian	max_angle	24.4866848	24.8515892	24.4866848	24.8515892	24.8515892	24.8515892	24.8515892	24.8515892	TL	24.4866848	24.7299544
Lian	dliantime	0.03	0.137002	0.005	0.035	0.03	0.026001	0.035	0.015	TL	0.005	0.035333667
Lian	sumtime	0.02	0.055	0	0.025	0.015	0.017001	0.025	0.01	TL	0	0.018555667
96
		4787467	4787468	4787469	4787470	4787471	4787472	4787473	4787474	4787475	4787476
Lian	numberofsteps	1525	209	138	415	94	19382	117	1055	50537	930	7440.2
Lian	memory	2396	520	642	754	412	16813	407	1580	51678	1676	7687.8
Lian	pathlength	564.94434	465.80362	465.51099	446.93277	463.8985	567.49213	525.36011	470.06134	529.80396	544.71509	504.452285
Lian	max_angle	24.4866848	24.4866848	22.61986542	24.4866848	23.3440094	24.8515892	24.8515892	24.4866848	24.8515892	24.8515892	24.33169708
Lian	dliantime	0.01	0.003	0.005	0.005	0.005	0.14	0.005	0.005	1.080002	0.005	0.1263002
Lian	sumtime	0	0.005	0.005	0	0	0.09	0	0.005	0.215	0.005	0.0325
97
		4787667	4787668	4787669	4787670	4787671	4787672	4787673	4787674	4787675	4787676
Lian	numberofsteps	1336	5371	101	180	6703	1352	547	136	209	393	1632.8
Lian	memory	1935	5951	363	522	9640	1873	955	530	686	804	2325.9
Lian	pathlength	484.32431	613.20416	441.65775	508.48618	519.52075	501.97736	457.50067	469.11572	475.78729	527.612	499.918619
Lian	max_angle	24.4866848	24.8515892	24.4866848	24.8515892	24.8515892	24.4866848	24.4866848	24.8515892	24.8515892	24.8515892	24.70562744
Lian	dliantime	0.005	0.04	0	0	0.045	0.005	0.005	0	0	0.005	0.0105
Lian	sumtime	0.005	0.03	0	0	0.09	0.005	0	0	0	0	0.013
98
		4787867	4787868	4787869	4787870	4787871	4787872	4787873	4787874	4787875	4787876
Lian	numberofsteps	TL	831	1128	582	7152	6952	433	193504	TL	720	26412.75
Lian	memory	TL	1096	1577	1243	9395	6850	871	145730	TL	1023	20973.125
Lian	pathlength	TL	532.76349	497.72406	539.49164	481.58124	529.19617	528.04376	564.73193	TL	497.70096	521.4041563
Lian	max_angle	TL	24.8515892	24.4866848	24.4866848	24.8515892	24.8515892	24.8515892	35.27242279	TL	24.4866848	26.01735425
Lian	dliantime	TL	0.005	0.005	0.005	0.08	0.05	0.005	2.735004	TL	0.005	0.3612505
Lian	sumtime	TL	0	0.01	0	0.02	0.02	0	1.265002	TL	0.005	0.16500025
99
		4788067	4788068	4788069	4788070	4788071	4788072	4788073	4788074	4788075	4788076
Lian	numberofsteps	3879	42419	4557	134	247	18783	178	421	6255	456	7732.9
Lian	memory	3239	42257	4547	368	733	14804	489	834	7366	1149	7578.6
Lian	pathlength	492.36023	602.30859	538.39624	459.22083	513.37567	533.42133	540.10223	525.83417	565.86731	524.50739	529.539399
Lian	max_angle	23.96249008	24.4866848	24.4866848	22.40983391	23.96249008	24.8515892	24.4866848	24.8515892	24.8515892	24.4866848	24.28363209
Lian	dliantime	0.025	0.595001	0.02	0	0.005	0.147002	0.005	0.005	0.045	0.005	0.0852003
Lian	sumtime	0.025	0.385	0.01	0	0	0.092002	0	0.005	0.025	0	0.0542002





Moscow Maps 2.0
		00	01	02	03	04	05	06	07	08	09	10	11
Lian	numberofsteps	96729.3	13285.8	2254.4	3550	7867.4	672.9	341.375	30055.77778	4823.75	3972.9	9471.3	33035.6
Lian	memory	109343.3	13330.1	2654.6	4280.857143	7429.4	1078.5	724.5	23068.33333	4230.5	4171.1	9579	37656.3
Lian	pathlength	543.239091	549.667796	516.564158	471.9163086	497.59345	483.97322	461.82391	495.5724889	486.0227288	518.711117	520.864079	512.764843
Lian	max_angle	24.70562744	25.13085766	24.38367481	23.1469702	24.28022308	24.06001797	19.27308333	29.86103418	24.36391759	24.81509876	24.36957264	24.40903244
Lian	dliantime	9.9104141	0.1105001	0.0165	0.029571571	0.0632003	0.0055	0.003	0.281667	0.040250375	0.0295	0.0815	1.3565019
Lian	sumtime	19.8689281	0.0880001	0.0085	0.021714286	0.0372003	0.0025	0.00075	0.117777889	0.01875	0.014	0.056	2.6585037


Moscow Maps 2.0
		00	01	02	03	04	05	06	07	08	09	10	11
Lian	Success	10	10	10	7	10	10	8	9	8	10	10	10
	Unsuccess	0	0	0	3	0	0	2	1	2	0	0	0
